BKK,SIN
HGH,SIN
HKG,SIN
KUL,SIN
SIN,BKK
SIN,HGH
SIN,HKG
SIN,KUL
SIN,TPE
TPE,SIN
CAN,CKG
CAN,CTU
CKG,CAN
CKG,CTU
CKG,HGH
CKG,KMG
CKG,PEK
CKG,PVG
CKG,XIY
CTU,CAN
CTU,CKG
CTU,HGH
CTU,HKG
CTU,ICN
CTU,KMG
CTU,PEK
CTU,PVG
CTU,XIY
CTU,XMN
HGH,CKG
HGH,CTU
HKG,CTU
ICN,CTU
KMG,CKG
KMG,CTU
KMG,TPE
KMG,XIY
KMG,XMN
PEK,CKG
PEK,CTU
PVG,CKG
PVG,CTU
TPE,KMG
XIY,CKG
XIY,CTU
XIY,KMG
XIY,XMN
XMN,CTU
XMN,KMG
XMN,XIY
BCN,DUS
DUS,BCN
DUS,MAD
DUS,PMI
MAD,DUS
PMI,DUS
BKK,ICN
HKG,ICN
ICN,BKK
ICN,HKG
ICN,NRT
NRT,ICN
BKK,CKG
BKK,ICN
CKG,BKK
ICN,BKK
CKG,KMG
CTU,KMG
HGH,KMG
KMG,CKG
KMG,CTU
KMG,HGH
KMG,PEK
KMG,PVG
KMG,XIY
PEK,KMG
PVG,KMG
XIY,KMG
CDG,IST
IST,CDG
BKK,PVG
CKG,PVG
HKG,PVG
KMG,PVG
PVG,BKK
PVG,CKG
PVG,HKG
PVG,SIN
PVG,TPE
PVG,XMN
SIN,PVG
TPE,PVG
XMN,PVG
BRU,EWR
BRU,YYZ
EWR,BRU
YYZ,BRU
ZRH,LIS
AMS,LHR
AMS,PHL
ATL,CLT
ATL,DFW
ATL,LHR
ATL,MIA
ATL,ORD
ATL,PHL
ATL,PHX
AUH,DUS
AUH,JFK
AUH,LHR
AUH,ORD
BCN,JFK
BCN,LHR
BCN,MIA
BCN,PHL
BKK,KUL
BKK,NRT
BRU,LHR
BRU,PHL
CDG,CLT
CDG,DFW
CDG,JFK
CDG,KUL
CDG,LHR
CDG,MIA
CDG,ORD
CDG,PHL
CLT,ATL
CLT,CDG
CLT,DEN
CLT,DFW
CLT,EWR
CLT,FCO
CLT,FRA
CLT,JFK
CLT,LAX
CLT,LHR
CLT,MCO
CLT,MIA
CLT,ORD
CLT,PHL
CLT,PHX
CLT,SFO
CLT,YYZ
CPH,LHR
DEN,CLT
DEN,DFW
DEN,LAX
DEN,LHR
DEN,MIA
DEN,ORD
DEN,PHL
DEN,PHX
DFW,ATL
DFW,CDG
DFW,CLT
DFW,DEN
DFW,EWR
DFW,FRA
DFW,ICN
DFW,JFK
DFW,LAX
DFW,LHR
DFW,MAD
DFW,MCO
DFW,MIA
DFW,NRT
DFW,ORD
DFW,PHL
DFW,PHX
DFW,SFO
DFW,YYZ
DUS,AUH
DUS,JFK
DUS,LAX
DUS,LHR
DUS,MIA
DUS,ORD
DXB,LHR
EWR,CLT
EWR,DFW
EWR,HKG
EWR,LHR
EWR,MIA
EWR,ORD
EWR,PHL
EWR,PHX
FCO,CLT
FCO,JFK
FCO,LHR
FCO,ORD
FCO,PHL
FRA,CLT
FRA,DFW
FRA,KUL
FRA,LHR
FRA,PHL
HKG,EWR
HKG,JFK
HKG,LAX
HKG,NRT
HKG,ORD
HKG,SFO
ICN,DFW
ICN,NRT
IST,LHR
JFK,AUH
JFK,BCN
JFK,CDG
JFK,CLT
JFK,DFW
JFK,DUS
JFK,FCO
JFK,HKG
JFK,LAX
JFK,LHR
JFK,MAD
JFK,MAN
JFK,MCO
JFK,MIA
JFK,NRT
JFK,ORD
JFK,PHX
JFK,SFO
JFK,YYZ
JFK,ZRH
KUL,BKK
KUL,CDG
KUL,FRA
KUL,LHR
KUL,NRT
KUL,SIN
LAX,CLT
LAX,DEN
LAX,DFW
LAX,DUS
LAX,HKG
LAX,JFK
LAX,LHR
LAX,MAD
LAX,MCO
LAX,MIA
LAX,NRT
LAX,ORD
LAX,PHL
LAX,PHX
LAX,PVG
LAX,SFO
LAX,YYZ
LGW,MCO
LHR,AMS
LHR,ATL
LHR,AUH
LHR,BCN
LHR,BRU
LHR,CDG
LHR,CLT
LHR,CPH
LHR,DEN
LHR,DFW
LHR,DUS
LHR,DXB
LHR,EWR
LHR,FCO
LHR,FRA
LHR,IST
LHR,JFK
LHR,KUL
LHR,LAX
LHR,LIS
LHR,MAN
LHR,MIA
LHR,MUC
LHR,ORD
LHR,PHL
LHR,PHX
LHR,SFO
LHR,VIE
LHR,YYZ
LHR,ZRH
LIS,LHR
LIS,PHL
MAD,DFW
MAD,JFK
MAD,LAX
MAD,MIA
MAD,ORD
MAD,PHL
MAN,JFK
MAN,LHR
MAN,ORD
MAN,PHL
MCO,CLT
MCO,DFW
MCO,JFK
MCO,LAX
MCO,LGW
MCO,MIA
MCO,ORD
MCO,PHL
MCO,PHX
MCO,YYZ
MIA,ATL
MIA,BCN
MIA,CDG
MIA,CLT
MIA,DEN
MIA,DFW
MIA,DUS
MIA,EWR
MIA,JFK
MIA,LAX
MIA,LHR
MIA,MAD
MIA,MCO
MIA,ORD
MIA,PHL
MIA,PHX
MIA,SFO
MIA,YYZ
MUC,LHR
MUC,PHL
NRT,BKK
NRT,DFW
NRT,HKG
NRT,ICN
NRT,JFK
NRT,KUL
NRT,LAX
NRT,ORD
NRT,SIN
NRT,TPE
ORD,ATL
ORD,AUH
ORD,CDG
ORD,CLT
ORD,DEN
ORD,DFW
ORD,DUS
ORD,EWR
ORD,FCO
ORD,HKG
ORD,JFK
ORD,LAX
ORD,LHR
ORD,MAD
ORD,MAN
ORD,MCO
ORD,MIA
ORD,NRT
ORD,PEK
ORD,PHL
ORD,PHX
ORD,PVG
ORD,SFO
ORD,YYZ
PEK,ORD
PHL,AMS
PHL,ATL
PHL,BCN
PHL,BRU
PHL,CDG
PHL,CLT
PHL,DEN
PHL,DFW
PHL,EWR
PHL,FCO
PHL,FRA
PHL,LAX
PHL,LHR
PHL,LIS
PHL,MAD
PHL,MAN
PHL,MCO
PHL,MIA
PHL,MUC
PHL,ORD
PHL,PHX
PHL,SFO
PHL,YYZ
PHL,ZRH
PHX,ATL
PHX,CLT
PHX,DEN
PHX,DFW
PHX,EWR
PHX,JFK
PHX,LAX
PHX,LHR
PHX,MCO
PHX,MIA
PHX,ORD
PHX,PHL
PHX,SFO
PVG,LAX
PVG,ORD
SFO,CLT
SFO,DFW
SFO,HKG
SFO,JFK
SFO,LAX
SFO,LHR
SFO,MIA
SFO,ORD
SFO,PHL
SFO,PHX
SIN,KUL
SIN,NRT
TPE,NRT
VIE,LHR
YYZ,CLT
YYZ,DFW
YYZ,JFK
YYZ,LAX
YYZ,LHR
YYZ,MCO
YYZ,MIA
YYZ,ORD
YYZ,PHL
ZRH,JFK
ZRH,LHR
ZRH,PHL
AUH,DUS
AUH,FRA
AUH,MUC
AUH,PEK
AUH,SIN
BCN,DUS
BCN,VIE
CDG,VIE
CPH,DUS
CPH,PMI
CPH,VIE
DFW,FRA
DUS,AUH
DUS,BCN
DUS,CPH
DUS,FCO
DUS,JFK
DUS,LAX
DUS,MAD
DUS,MIA
DUS,MUC
DUS,ORD
DUS,PMI
DUS,VIE
DUS,ZRH
FCO,DUS
FCO,VIE
FRA,AUH
FRA,DFW
FRA,LHR
FRA,MAD
FRA,PMI
FRA,VIE
JFK,DUS
LAX,DUS
LHR,FRA
LHR,MUC
LHR,VIE
LHR,ZRH
MAD,DUS
MAD,FRA
MAD,MUC
MAD,VIE
MAD,ZRH
MIA,DUS
MUC,AUH
MUC,DUS
MUC,LHR
MUC,MAD
MUC,PMI
MUC,VIE
ORD,DUS
PMI,CPH
PMI,DUS
PMI,FRA
PMI,MUC
PMI,VIE
PMI,ZRH
SIN,AUH
VIE,BCN
VIE,CDG
VIE,CPH
VIE,DUS
VIE,FCO
VIE,FRA
VIE,LHR
VIE,MAD
VIE,MUC
VIE,PMI
VIE,ZRH
ZRH,DUS
ZRH,LHR
ZRH,MAD
ZRH,PMI
ZRH,VIE
AMS,CPH
ATL,DEN
ATL,YYZ
AUH,YYZ
BCN,YYZ
BKK,ICN
BKK,NRT
BRU,YYZ
CDG,YYZ
CLT,YYZ
CPH,AMS
CPH,YYZ
DEN,ATL
DEN,YYZ
DFW,YYZ
EWR,YYZ
FCO,YYZ
FRA,YYZ
HKG,YYZ
ICN,BKK
IST,YYZ
JFK,YYZ
LAX,YYZ
LHR,YYZ
MCO,YYZ
MIA,YYZ
MUC,YYZ
NRT,BKK
NRT,YYZ
ORD,YYZ
PEK,YYZ
PHL,YYZ
PHX,YYZ
PVG,YYZ
SFO,YYZ
VIE,YYZ
YYZ,ATL
YYZ,AUH
YYZ,BCN
YYZ,CDG
YYZ,CLT
YYZ,CPH
YYZ,DEN
YYZ,DFW
YYZ,EWR
YYZ,FCO
YYZ,FRA
YYZ,HKG
YYZ,IST
YYZ,JFK
YYZ,LAX
YYZ,LHR
YYZ,MCO
YYZ,MIA
YYZ,MUC
YYZ,NRT
YYZ,ORD
YYZ,PEK
YYZ,PHL
YYZ,PHX
YYZ,PVG
YYZ,SFO
YYZ,VIE
YYZ,ZRH
ZRH,YYZ
TPE,XMN
XMN,TPE
AMS,AUH
AMS,CDG
AMS,KUL
AMS,TPE
ATL,BRU
ATL,CDG
ATL,CLT
ATL,DEN
ATL,DFW
ATL,DUS
ATL,EWR
ATL,FCO
ATL,FRA
ATL,JFK
ATL,LAX
ATL,LHR
ATL,MAD
ATL,MAN
ATL,MCO
ATL,MIA
ATL,MUC
ATL,ORD
ATL,PHL
ATL,PHX
ATL,SFO
ATL,YYZ
AUH,AMS
AUH,CDG
BCN,CDG
BCN,JFK
BKK,CDG
BRU,ATL
BRU,JFK
CAN,CDG
CAN,CKG
CAN,HGH
CAN,SIN
CDG,AMS
CDG,ATL
CDG,AUH
CDG,BCN
CDG,BKK
CDG,CAN
CDG,CPH
CDG,DUS
CDG,DXB
CDG,EWR
CDG,FCO
CDG,FRA
CDG,HKG
CDG,ICN
CDG,IST
CDG,JFK
CDG,KUL
CDG,LAX
CDG,LHR
CDG,LIS
CDG,MAD
CDG,MAN
CDG,MIA
CDG,MUC
CDG,NRT
CDG,ORD
CDG,PEK
CDG,PHL
CDG,PVG
CDG,SFO
CDG,SIN
CDG,VIE
CDG,YYZ
CDG,ZRH
CKG,CAN
CLT,ATL
CPH,CDG
DEN,ATL
DFW,ATL
DUS,ATL
DUS,CDG
DXB,CDG
EWR,ATL
EWR,CDG
FCO,ATL
FCO,CDG
FRA,ATL
FRA,CDG
FRA,JFK
HKG,CDG
ICN,CDG
IST,CDG
JFK,ATL
JFK,BCN
JFK,BRU
JFK,CDG
JFK,FRA
JFK,LHR
JFK,MAD
KMG,CAN
KUL,AMS
KUL,CDG
LAX,ATL
LAX,CDG
LHR,ATL
LHR,CDG
LHR,JFK
LIS,CDG
MAD,ATL
MAD,CDG
MAD,JFK
MAN,ATL
MAN,CDG
MCO,ATL
MIA,ATL
MIA,CDG
MUC,ATL
MUC,CDG
NRT,CDG
ORD,ATL
ORD,CDG
PEK,CDG
PHL,ATL
PHL,CDG
PHX,ATL
PVG,CDG
SFO,ATL
SFO,CDG
SIN,CDG
TPE,AMS
VIE,CDG
YYZ,ATL
YYZ,CDG
ZRH,CDG
BKK,SIN
HKG,ICN
HKG,SFO
HKG,SIN
ICN,HKG
ICN,SFO
ICN,SIN
JFK,LHR
KUL,SIN
LAX,NRT
LHR,JFK
NRT,LAX
NRT,SIN
SFO,HKG
SFO,ICN
SIN,BKK
SIN,HKG
SIN,ICN
SIN,KUL
SIN,NRT
CAN,KUL
HKG,KUL
KMG,KUL
KUL,CAN
KUL,HKG
KUL,KMG
KUL,SIN
SIN,KUL
ATL,CDG
ATL,DEN
ATL,EWR
ATL,FCO
ATL,JFK
ATL,MAD
ATL,MCO
ATL,MIA
ATL,PHL
BRU,MAD
CDG,ATL
DEN,ATL
EWR,ATL
FCO,ATL
JFK,ATL
MAD,ATL
MAD,BRU
MCO,ATL
MIA,ATL
PHL,ATL
SFO,ATL
ATL,CLT
ATL,LAX
ATL,MIA
CLT,ATL
DEN,LAX
DFW,LAX
DFW,SFO
JFK,LAX
JFK,SFO
LAX,ATL
LAX,DEN
LAX,DFW
LAX,JFK
LAX,MCO
LAX,MIA
LAX,ORD
LAX,PHX
LAX,SFO
MCO,LAX
MIA,ATL
MIA,LAX
MIA,SFO
ORD,LAX
ORD,SFO
PHX,LAX
SFO,DFW
SFO,JFK
SFO,LAX
SFO,MIA
SFO,ORD
AUH,SIN
SIN,AUH
AMS,LIS
ATL,LHR
BCN,JFK
BCN,MIA
BRU,LIS
CDG,DFW
CDG,JFK
CDG,MIA
CDG,ORD
CPH,DUS
CPH,VIE
DEN,LHR
DFW,CDG
DFW,FRA
DFW,LHR
DFW,MAD
DUS,CPH
DUS,ORD
EWR,LHR
FCO,JFK
FCO,ORD
FRA,DFW
FRA,MAD
JFK,BCN
JFK,CDG
JFK,FCO
JFK,LHR
JFK,MAD
JFK,MAN
JFK,YYZ
LAX,LHR
LAX,MAD
LGW,MCO
LHR,ATL
LHR,DEN
LHR,DFW
LHR,EWR
LHR,JFK
LHR,LAX
LHR,LIS
LHR,MIA
LHR,ORD
LHR,PHL
LHR,PHX
LHR,SFO
LHR,YYZ
LIS,AMS
LIS,BRU
LIS,LHR
LIS,ZRH
MAD,DFW
MAD,FRA
MAD,JFK
MAD,LAX
MAD,MIA
MAD,ORD
MAN,JFK
MAN,ORD
MCO,LGW
MIA,BCN
MIA,CDG
MIA,LHR
MIA,MAD
ORD,CDG
ORD,DUS
ORD,FCO
ORD,LHR
ORD,MAD
ORD,MAN
PHL,LHR
PHX,LHR
SFO,LHR
VIE,CPH
YYZ,JFK
YYZ,LHR
ZRH,LIS
AMS,CPH
AMS,DUS
AMS,DXB
AMS,FCO
ATL,CDG
ATL,CLT
ATL,DEN
ATL,DFW
ATL,EWR
ATL,FCO
ATL,JFK
ATL,LAX
ATL,MCO
ATL,MIA
ATL,ORD
ATL,PHL
ATL,PHX
AUH,BKK
AUH,CTU
AUH,FCO
AUH,KUL
AUH,PEK
AUH,SIN
BCN,FCO
BCN,PMI
BKK,AUH
BKK,CDG
BRU,FCO
CDG,ATL
CDG,BKK
CDG,CPH
CDG,DUS
CDG,DXB
CDG,FCO
CDG,HKG
CDG,JFK
CDG,LAX
CDG,LIS
CDG,MAN
CDG,MIA
CDG,SFO
CDG,YYZ
CLT,ATL
CPH,AMS
CPH,CDG
CPH,FCO
CTU,AUH
DEN,ATL
DFW,ATL
DUS,AMS
DUS,CDG
DXB,AMS
DXB,CDG
EWR,ATL
FCO,AMS
FCO,ATL
FCO,AUH
FCO,BCN
FCO,BRU
FCO,CDG
FCO,CPH
FCO,FRA
FCO,ICN
FCO,IST
FCO,JFK
FCO,LAX
FCO,LHR
FCO,LIS
FCO,MAD
FCO,MIA
FCO,MUC
FCO,NRT
FCO,ORD
FCO,PVG
FCO,VIE
FCO,YYZ
FCO,ZRH
FRA,FCO
HKG,CDG
IST,FCO
JFK,ATL
JFK,CDG
JFK,FCO
JFK,YYZ
KUL,AUH
LAX,CDG
LAX,FCO
LHR,FCO
LIS,CDG
LIS,FCO
MAD,FCO
MAD,PMI
MAN,CDG
MCO,ATL
MIA,ATL
MIA,CDG
MIA,FCO
MUC,FCO
NRT,FCO
ORD,ATL
ORD,FCO
PEK,AUH
PHL,ATL
PHX,ATL
PMI,BCN
PMI,MAD
PVG,FCO
SFO,ATL
SFO,CDG
SIN,AUH
VIE,FCO
YYZ,CDG
YYZ,FCO
ZRH,FCO
CLT,JFK
DEN,JFK
DFW,DXB
DXB,DFW
DXB,JFK
DXB,LAX
DXB,SFO
EWR,MCO
JFK,CLT
JFK,DEN
JFK,DXB
JFK,LAX
JFK,MCO
JFK,ORD
JFK,PHX
JFK,SFO
LAX,DXB
LAX,JFK
MCO,EWR
MCO,JFK
ORD,JFK
PHX,JFK
SFO,DXB
SFO,JFK
CKG,TPE
TPE,CKG
TPE,XIY
XIY,TPE
AMS,LGW
AMS,LHR
ATL,DFW
ATL,LHR
ATL,MIA
ATL,ORD
AUH,LHR
BCN,JFK
BCN,LGW
BCN,LHR
BCN,MIA
BKK,LHR
BRU,LHR
CDG,DFW
CDG,JFK
CDG,LHR
CDG,MIA
CDG,ORD
CPH,LHR
CTU,LHR
DEN,LHR
DFW,ATL
DFW,CDG
DFW,FRA
DFW,LHR
DFW,MAD
DUS,LHR
DUS,ORD
DXB,LHR
EWR,LHR
FCO,JFK
FCO,LGW
FCO,LHR
FCO,ORD
FRA,ATL
FRA,DFW
FRA,LHR
HKG,LHR
ICN,LHR
IST,LHR
JFK,BCN
JFK,CDG
JFK,FCO
JFK,LHR
JFK,MAD
JFK,MAN
LAX,LHR
LAX,MAD
LGW,AMS
LGW,BCN
LGW,FCO
LGW,MCO
LHR,AMS
LHR,ATL
LHR,AUH
LHR,BCN
LHR,BKK
LHR,BRU
LHR,CDG
LHR,CPH
LHR,CTU
LHR,DEN
LHR,DFW
LHR,DUS
LHR,DXB
LHR,EWR
LHR,FCO
LHR,FRA
LHR,HKG
LHR,ICN
LHR,IST
LHR,JFK
LHR,LAX
LHR,LIS
LHR,MAD
LHR,MAN
LHR,MIA
LHR,MUC
LHR,NRT
LHR,ORD
LHR,PEK
LHR,PHL
LHR,PHX
LHR,PMI
LHR,PVG
LHR,SFO
LHR,SIN
LHR,VIE
LHR,YYZ
LHR,ZRH
LIS,LHR
MAD,DFW
MAD,JFK
MAD,LAX
MAD,LHR
MAD,MIA
MAD,ORD
MAN,JFK
MAN,LHR
MAN,ORD
MCO,LGW
MIA,ATL
MIA,BCN
MIA,CDG
MIA,LHR
MIA,MAD
MUC,LHR
NRT,LHR
ORD,ATL
ORD,CDG
ORD,DUS
ORD,FCO
ORD,LHR
ORD,MAD
ORD,MAN
PEK,LHR
PHL,LHR
PHX,LHR
PMI,LHR
PVG,LHR
SFO,LHR
SIN,LHR
VIE,LHR
YYZ,LHR
ZRH,LHR
CDG,MAN
DUS,MAN
MAN,CDG
MAN,DUS
FCO,FRA
FRA,FCO
LHR,DXB
AMS,BKK
BKK,AMS
BKK,LHR
BKK,TPE
BKK,VIE
CAN,TPE
CDG,TPE
CTU,TPE
HGH,TPE
HKG,TPE
ICN,TPE
JFK,TPE
KUL,TPE
LAX,TPE
LHR,BKK
NRT,TPE
PEK,TPE
PVG,TPE
SFO,TPE
SIN,TPE
TPE,BKK
TPE,CAN
TPE,CDG
TPE,CTU
TPE,HGH
TPE,HKG
TPE,ICN
TPE,JFK
TPE,KUL
TPE,LAX
TPE,NRT
TPE,PEK
TPE,PVG
TPE,SFO
TPE,SIN
TPE,YYZ
VIE,BKK
YYZ,TPE
AMS,AUH
AUH,AMS
AUH,BRU
AUH,FRA
AUH,MUC
BRU,AUH
FRA,AUH
MUC,AUH
BCN,VIE
BKK,PEK
CAN,CKG
CAN,CTU
CAN,HGH
CAN,IST
CAN,KMG
CAN,NRT
CAN,PEK
CAN,PVG
CAN,XIY
CAN,XMN
CDG,PEK
CDG,PVG
CKG,CAN
CKG,HGH
CKG,HKG
CKG,ICN
CKG,KMG
CKG,PEK
CKG,PVG
CKG,TPE
CKG,XIY
CKG,XMN
CPH,FRA
CPH,PEK
CTU,CAN
CTU,FRA
CTU,HGH
CTU,HKG
CTU,ICN
CTU,KMG
CTU,NRT
CTU,PEK
CTU,PVG
CTU,SIN
CTU,TPE
CTU,XIY
CTU,XMN
DUS,PEK
DXB,PEK
EWR,PEK
EWR,PVG
FCO,PEK
FRA,CPH
FRA,CTU
FRA,PEK
FRA,PVG
HGH,CAN
HGH,CKG
HGH,CTU
HGH,HKG
HGH,ICN
HGH,KMG
HGH,NRT
HGH,PEK
HGH,TPE
HGH,XIY
HGH,XMN
HKG,CKG
HKG,CTU
HKG,HGH
HKG,PEK
ICN,CKG
ICN,CTU
ICN,HGH
ICN,PEK
IST,CAN
IST,PEK
IST,PVG
JFK,PEK
KMG,CAN
KMG,CKG
KMG,CTU
KMG,HGH
KMG,PEK
KMG,PVG
KMG,XMN
LAX,PEK
LAX,PVG
LGW,PEK
LHR,PEK
LHR,PVG
MAD,PEK
MUC,PEK
MUC,PVG
NRT,CAN
NRT,CTU
NRT,HGH
NRT,PEK
NRT,PVG
NRT,XMN
ORD,PEK
ORD,PVG
PEK,BKK
PEK,CAN
PEK,CDG
PEK,CKG
PEK,CPH
PEK,CTU
PEK,DUS
PEK,DXB
PEK,EWR
PEK,FCO
PEK,FRA
PEK,HGH
PEK,HKG
PEK,ICN
PEK,IST
PEK,JFK
PEK,KMG
PEK,LAX
PEK,LGW
PEK,LHR
PEK,MAD
PEK,MUC
PEK,NRT
PEK,ORD
PEK,PVG
PEK,SFO
PEK,SIN
PEK,TPE
PEK,VIE
PEK,XIY
PEK,XMN
PEK,YYZ
PVG,CAN
PVG,CDG
PVG,CKG
PVG,CTU
PVG,EWR
PVG,FRA
PVG,IST
PVG,KMG
PVG,LAX
PVG,LHR
PVG,MUC
PVG,NRT
PVG,ORD
PVG,PEK
PVG,SFO
PVG,TPE
PVG,XIY
PVG,YYZ
SFO,PEK
SFO,PVG
SIN,CTU
SIN,PEK
TPE,CKG
TPE,CTU
TPE,HGH
TPE,PEK
TPE,PVG
VIE,BCN
VIE,PEK
XIY,CAN
XIY,CKG
XIY,CTU
XIY,HGH
XIY,PEK
XIY,PVG
XIY,XMN
XMN,CAN
XMN,CKG
XMN,CTU
XMN,HGH
XMN,KMG
XMN,NRT
XMN,PEK
XMN,XIY
YYZ,PEK
YYZ,PVG
AMS,BKK
AMS,LHR
AMS,MAN
ATL,DFW
ATL,LAX
ATL,SFO
BKK,AMS
BKK,TPE
CAN,TPE
CTU,TPE
FRA,TPE
HKG,TPE
ICN,TPE
KUL,TPE
LAX,ATL
LAX,TPE
LHR,AMS
NRT,TPE
PEK,TPE
PVG,TPE
SFO,ATL
SFO,TPE
SIN,TPE
TPE,BKK
TPE,CAN
TPE,CTU
TPE,FRA
TPE,HKG
TPE,ICN
TPE,KUL
TPE,LAX
TPE,NRT
TPE,PEK
TPE,PVG
TPE,SFO
TPE,SIN
TPE,VIE
TPE,XIY
VIE,TPE
XIY,TPE
AMS,HKG
ATL,ORD
BKK,HKG
BKK,SIN
CAN,HKG
CDG,HKG
CKG,HKG
CTU,HKG
DXB,HKG
EWR,HKG
FCO,HKG
FRA,HKG
HGH,HKG
HKG,AMS
HKG,AUH
HKG,BKK
HKG,CAN
HKG,CDG
HKG,CKG
HKG,CTU
HKG,DXB
HKG,EWR
HKG,FCO
HKG,FRA
HKG,HGH
HKG,ICN
HKG,JFK
HKG,KMG
HKG,KUL
HKG,LAX
HKG,LHR
HKG,NRT
HKG,ORD
HKG,PEK
HKG,PVG
HKG,SFO
HKG,SIN
HKG,TPE
HKG,XIY
HKG,XMN
HKG,YYZ
ICN,HKG
ICN,TPE
JFK,HKG
KMG,HKG
KUL,HKG
LAX,HKG
LHR,HKG
NRT,HKG
NRT,TPE
ORD,ATL
ORD,HKG
PEK,HKG
PVG,HKG
SFO,HKG
SIN,BKK
SIN,HKG
TPE,HKG
TPE,ICN
TPE,NRT
XIY,HKG
XMN,HKG
YYZ,HKG
MUC,FRA
AMS,CAN
AMS,CTU
AMS,HGH
AMS,PEK
AMS,PVG
AMS,XMN
BKK,CAN
BKK,XMN
CAN,AMS
CAN,BKK
CAN,CDG
CAN,CKG
CAN,CTU
CAN,DXB
CAN,HGH
CAN,HKG
CAN,ICN
CAN,KMG
CAN,KUL
CAN,LAX
CAN,LHR
CAN,NRT
CAN,PEK
CAN,PVG
CAN,SIN
CAN,TPE
CAN,XIY
CAN,XMN
CDG,CAN
CKG,CAN
CKG,HGH
CKG,KMG
CKG,PEK
CKG,XIY
CKG,XMN
CTU,AMS
CTU,CAN
CTU,HGH
CTU,KMG
CTU,PEK
CTU,XIY
CTU,XMN
DXB,CAN
HGH,AMS
HGH,CAN
HGH,CKG
HGH,CTU
HGH,KMG
HGH,PEK
HGH,XIY
HGH,XMN
HKG,CAN
HKG,PEK
HKG,XMN
ICN,CAN
ICN,PEK
ICN,PVG
KMG,CAN
KMG,CKG
KMG,CTU
KMG,HGH
KMG,PEK
KMG,XIY
KMG,XMN
KUL,CAN
KUL,PVG
KUL,XMN
LAX,CAN
LHR,CAN
NRT,CAN
NRT,PEK
PEK,AMS
PEK,CAN
PEK,CKG
PEK,CTU
PEK,HGH
PEK,HKG
PEK,ICN
PEK,KMG
PEK,NRT
PEK,PVG
PEK,XIY
PEK,XMN
PVG,AMS
PVG,CAN
PVG,ICN
PVG,KUL
PVG,PEK
PVG,TPE
PVG,XIY
SIN,CAN
SIN,XMN
TPE,CAN
TPE,PVG
XIY,CAN
XIY,CKG
XIY,CTU
XIY,HGH
XIY,KMG
XIY,PEK
XIY,PVG
XIY,XMN
XMN,AMS
XMN,BKK
XMN,CAN
XMN,CKG
XMN,CTU
XMN,HGH
XMN,HKG
XMN,KMG
XMN,KUL
XMN,PEK
XMN,SIN
XMN,XIY
CTU,KUL
HGH,KUL
ICN,KUL
KUL,CTU
KUL,HGH
KUL,ICN
KUL,PEK
KUL,PVG
KUL,TPE
PEK,KUL
PVG,KUL
TPE,KUL
DUS,PMI
FRA,PMI
MAN,MCO
MAN,PMI
MCO,MAN
MUC,PMI
PMI,DUS
PMI,FRA
PMI,MAN
PMI,MUC
AMS,ATL
AMS,AUH
AMS,DFW
AMS,EWR
AMS,JFK
AMS,LAX
AMS,ORD
AMS,SFO
AMS,YYZ
ATL,AMS
ATL,BRU
ATL,CDG
ATL,CLT
ATL,DEN
ATL,DFW
ATL,DUS
ATL,DXB
ATL,EWR
ATL,FCO
ATL,FRA
ATL,ICN
ATL,JFK
ATL,LAX
ATL,LHR
ATL,MAD
ATL,MAN
ATL,MCO
ATL,MIA
ATL,MUC
ATL,NRT
ATL,ORD
ATL,PHL
ATL,PHX
ATL,SFO
ATL,YYZ
ATL,ZRH
AUH,AMS
BCN,JFK
BKK,NRT
BRU,ATL
BRU,JFK
CAN,HGH
CAN,LAX
CDG,ATL
CDG,EWR
CDG,JFK
CDG,LAX
CDG,MIA
CDG,ORD
CDG,PHL
CDG,SFO
CDG,YYZ
CLT,ATL
CLT,JFK
DEN,ATL
DEN,JFK
DFW,AMS
DFW,ATL
DFW,ICN
DFW,JFK
DUS,ATL
DXB,ATL
EWR,AMS
EWR,ATL
EWR,CDG
EWR,LHR
FCO,ATL
FCO,JFK
FCO,LAX
FCO,MIA
FCO,ORD
FCO,YYZ
FRA,ATL
FRA,JFK
HKG,NRT
ICN,ATL
ICN,DFW
ICN,JFK
ICN,LAX
ICN,ORD
ICN,SFO
JFK,AMS
JFK,ATL
JFK,BCN
JFK,BRU
JFK,CDG
JFK,CLT
JFK,DEN
JFK,DFW
JFK,FCO
JFK,FRA
JFK,ICN
JFK,LAX
JFK,LHR
JFK,MAD
JFK,MCO
JFK,MIA
JFK,NRT
JFK,ORD
JFK,PHL
JFK,PHX
JFK,PVG
JFK,SFO
JFK,YYZ
LAX,AMS
LAX,ATL
LAX,CAN
LAX,CDG
LAX,FCO
LAX,ICN
LAX,JFK
LAX,LHR
LAX,MCO
LAX,MIA
LAX,NRT
LAX,PHX
LAX,PVG
LAX,SFO
LAX,TPE
LGW,MCO
LHR,ATL
LHR,EWR
LHR,JFK
LHR,LAX
LHR,MIA
LHR,ORD
LHR,SFO
MAD,ATL
MAD,JFK
MAN,ATL
MAN,MCO
MCO,ATL
MCO,JFK
MCO,LAX
MCO,LGW
MCO,MAN
MCO,YYZ
MIA,ATL
MIA,CDG
MIA,FCO
MIA,JFK
MIA,LAX
MIA,LHR
MUC,ATL
NRT,ATL
NRT,BKK
NRT,HKG
NRT,JFK
NRT,LAX
NRT,PVG
NRT,SIN
NRT,TPE
ORD,AMS
ORD,ATL
ORD,CDG
ORD,FCO
ORD,ICN
ORD,JFK
ORD,LHR
PHL,ATL
PHL,CDG
PHL,JFK
PHX,ATL
PHX,JFK
PHX,LAX
PVG,JFK
PVG,LAX
PVG,NRT
PVG,SFO
SFO,AMS
SFO,ATL
SFO,CDG
SFO,ICN
SFO,JFK
SFO,LAX
SFO,LHR
SFO,PVG
SFO,TPE
SIN,NRT
TPE,LAX
TPE,NRT
TPE,SFO
YYZ,AMS
YYZ,ATL
YYZ,CDG
YYZ,FCO
YYZ,JFK
YYZ,MCO
ZRH,ATL
AMS,CPH
BCN,CPH
BCN,LGW
CPH,AMS
CPH,BCN
CPH,FCO
CPH,JFK
CPH,LAX
CPH,LGW
CPH,LIS
CPH,MAD
CPH,PMI
FCO,CPH
FCO,LGW
JFK,CPH
LAX,CPH
LGW,BCN
LGW,CPH
LGW,FCO
LGW,PMI
LIS,CPH
MAD,CPH
PMI,CPH
PMI,LGW
MAD,BCN
ATL,ORD
ORD,ATL
AMS,DXB
BCN,DXB
BKK,DXB
BKK,HKG
CAN,DXB
CDG,DXB
CPH,DXB
DFW,DXB
DUS,DXB
DXB,AMS
DXB,BCN
DXB,BKK
DXB,CAN
DXB,CDG
DXB,CPH
DXB,DFW
DXB,DUS
DXB,FCO
DXB,FRA
DXB,HKG
DXB,ICN
DXB,IST
DXB,JFK
DXB,KUL
DXB,LAX
DXB,LGW
DXB,LHR
DXB,LIS
DXB,MAD
DXB,MAN
DXB,MUC
DXB,NRT
DXB,PEK
DXB,PVG
DXB,SFO
DXB,SIN
DXB,TPE
DXB,VIE
DXB,YYZ
DXB,ZRH
FCO,DXB
FRA,DXB
HKG,BKK
HKG,DXB
ICN,DXB
IST,DXB
JFK,DXB
KUL,DXB
LAX,DXB
LGW,DXB
LHR,DXB
LIS,DXB
MAD,DXB
MAN,DXB
MUC,DXB
NRT,DXB
PEK,DXB
PVG,DXB
SFO,DXB
SIN,DXB
TPE,DXB
VIE,DXB
YYZ,DXB
ZRH,DXB
AMS,FRA
BCN,FRA
BKK,ICN
BKK,KUL
BKK,SIN
BRU,CDG
BRU,FRA
CDG,BRU
CPH,FRA
DUS,FRA
DXB,SIN
FRA,AMS
FRA,BCN
FRA,BRU
FRA,CPH
FRA,DUS
FRA,JFK
FRA,LIS
FRA,MAD
FRA,MUC
FRA,VIE
FRA,ZRH
HKG,ICN
ICN,BKK
ICN,HKG
JFK,FRA
KUL,BKK
LHR,YYZ
LIS,FRA
MAD,FRA
MUC,FRA
SIN,BKK
SIN,DXB
VIE,FRA
ZRH,FRA
CAN,CTU
CTU,CAN
CTU,HGH
CTU,KMG
CTU,PVG
CTU,XIY
HGH,CTU
KMG,CTU
PVG,CTU
XIY,CTU
AMS,AUH
AMS,LIS
ATL,ORD
AUH,AMS
AUH,BKK
AUH,BRU
AUH,CDG
AUH,CTU
AUH,DUS
AUH,FCO
AUH,FRA
AUH,HKG
AUH,ICN
AUH,IST
AUH,JFK
AUH,KUL
AUH,LHR
AUH,MAN
AUH,MUC
AUH,NRT
AUH,ORD
AUH,PEK
AUH,PVG
AUH,SIN
AUH,YYZ
BKK,AUH
BKK,HKG
BRU,AUH
BRU,EWR
BRU,YYZ
CDG,AUH
CDG,JFK
CTU,AUH
DUS,AUH
EWR,BRU
FCO,AUH
FCO,ZRH
FRA,AUH
HKG,AUH
HKG,BKK
ICN,AUH
IST,AUH
JFK,AUH
JFK,CDG
KUL,AUH
LHR,AUH
LIS,AMS
MAN,AUH
MUC,AUH
NRT,AUH
ORD,ATL
ORD,AUH
ORD,YYZ
PEK,AUH
PVG,AUH
SIN,AUH
YYZ,AUH
YYZ,BRU
YYZ,ORD
ZRH,FCO
ATL,DEN
DEN,ATL
DEN,DFW
DEN,LAX
DEN,MCO
DEN,PHX
DEN,SFO
DFW,DEN
LAX,DEN
MCO,DEN
PHX,DEN
SFO,DEN
ATL,DEN
ATL,LAX
ATL,MCO
ATL,PHL
ATL,PHX
ATL,SFO
CLT,MCO
DEN,ATL
DEN,LAX
DEN,MCO
DEN,PHX
LAX,ATL
LAX,DEN
MCO,ATL
MCO,CLT
MCO,DEN
MCO,PHL
MCO,PHX
PHL,ATL
PHL,DEN
PHL,MCO
PHL,PHX
PHX,ATL
PHX,DEN
PHX,PHL
SFO,ATL
SFO,DEN
BKK,PVG
CAN,HGH
CAN,PVG
CAN,XMN
CTU,PVG
HGH,CAN
HGH,HKG
HGH,PEK
HKG,HGH
HKG,PVG
ICN,PVG
PEK,HGH
PVG,BKK
PVG,CAN
PVG,CTU
PVG,HKG
PVG,ICN
PVG,XIY
PVG,XMN
XIY,PVG
XMN,CAN
XMN,PVG
BCN,BRU
BCN,FCO
BCN,MAN
BCN,PMI
BRU,BCN
BRU,FCO
BRU,LIS
BRU,PMI
FCO,BCN
FCO,BRU
LIS,BRU
LIS,MAN
MAD,MAN
MAD,PMI
MAN,BCN
MAN,LIS
MAN,MAD
MAN,PMI
PMI,BCN
PMI,BRU
PMI,MAD
PMI,MAN
AMS,AUH
AUH,AMS
IST,SIN
SIN,IST
SIN,TPE
TPE,SIN
BKK,TPE
NRT,TPE
PVG,TPE
TPE,BKK
TPE,NRT
TPE,PVG
LHR,DFW
CKG,XIY
KMG,XIY
XIY,CKG
XIY,KMG
BCN,VIE
CDG,VIE
CPH,VIE
FCO,VIE
FRA,VIE
MAD,VIE
MUC,VIE
PMI,VIE
VIE,BCN
VIE,CDG
VIE,CPH
VIE,FCO
VIE,FRA
VIE,MAD
VIE,MUC
VIE,PMI
VIE,ZRH
ZRH,VIE
DUS,PMI
PMI,DUS
AUH,HKG
HKG,AUH
BKK,PVG
CAN,PVG
CKG,PVG
HKG,PVG
PVG,BKK
PVG,CAN
PVG,CKG
PVG,HKG
PVG,TPE
PVG,XIY
PVG,XMN
TPE,PVG
XIY,PVG
XMN,PVG
BRU,PMI
PMI,BRU
AUH,CTU
AUH,PEK
AUH,PVG
BCN,BRU
BKK,PEK
BRU,BCN
BRU,CPH
BRU,FCO
BRU,MAD
BRU,PEK
CAN,CKG
CAN,HGH
CAN,PEK
CAN,TPE
CAN,XIY
CKG,CAN
CKG,HGH
CKG,HKG
CKG,PEK
CKG,XIY
CPH,BRU
CTU,AUH
CTU,HKG
CTU,PEK
CTU,XIY
FCO,BRU
HGH,CAN
HGH,CKG
HGH,HKG
HGH,PEK
HGH,XIY
HKG,CKG
HKG,CTU
HKG,HGH
HKG,PEK
KMG,PEK
KMG,XIY
LAX,PVG
MAD,BRU
ORD,PEK
ORD,PVG
PEK,AUH
PEK,BKK
PEK,BRU
PEK,CAN
PEK,CKG
PEK,CTU
PEK,HGH
PEK,HKG
PEK,KMG
PEK,ORD
PEK,TPE
PEK,XIY
PEK,XMN
PEK,YYZ
PVG,AUH
PVG,LAX
PVG,ORD
PVG,XIY
TPE,CAN
TPE,PEK
TPE,XIY
XIY,CAN
XIY,CKG
XIY,CTU
XIY,HGH
XIY,KMG
XIY,PEK
XIY,PVG
XIY,TPE
XIY,XMN
XMN,PEK
XMN,XIY
YYZ,PEK
AMS,BCN
AMS,LIS
AMS,PMI
BCN,AMS
LIS,AMS
PMI,AMS
BKK,HKG
CKG,HKG
CTU,HKG
HGH,HKG
HKG,BKK
HKG,CKG
HKG,CTU
HKG,HGH
HKG,PEK
HKG,PVG
HKG,TPE
HKG,XMN
PEK,HKG
PVG,HKG
TPE,HKG
XMN,HKG
KUL,SIN
SIN,KUL
AMS,BCN
AMS,PMI
ATL,LHR
ATL,MIA
ATL,ORD
AUH,LHR
BCN,AMS
BCN,BRU
BCN,CDG
BCN,CPH
BCN,DUS
BCN,FCO
BCN,FRA
BCN,JFK
BCN,LGW
BCN,LHR
BCN,LIS
BCN,MAD
BCN,MIA
BCN,MUC
BCN,PMI
BCN,VIE
BCN,ZRH
BKK,LHR
BRU,BCN
BRU,FCO
BRU,LIS
BRU,MAD
BRU,PMI
CDG,BCN
CDG,DFW
CDG,JFK
CDG,MIA
CDG,ORD
CPH,BCN
CPH,MAD
DEN,LHR
DFW,CDG
DFW,FRA
DFW,LHR
DFW,MAD
DUS,BCN
DUS,MAD
DUS,ORD
EWR,LHR
FCO,BCN
FCO,BRU
FCO,JFK
FCO,MAD
FCO,ORD
FRA,BCN
FRA,DFW
FRA,MAD
JFK,BCN
JFK,CDG
JFK,FCO
JFK,LHR
JFK,MAD
JFK,MAN
LAX,LHR
LAX,MAD
LGW,BCN
LGW,MCO
LHR,ATL
LHR,AUH
LHR,BCN
LHR,BKK
LHR,DEN
LHR,DFW
LHR,EWR
LHR,JFK
LHR,LAX
LHR,MAD
LHR,MAN
LHR,MIA
LHR,ORD
LHR,PHL
LHR,PHX
LHR,PMI
LHR,SFO
LHR,SIN
LHR,YYZ
LIS,BCN
LIS,BRU
LIS,MAD
MAD,BCN
MAD,BRU
MAD,CPH
MAD,DFW
MAD,DUS
MAD,FCO
MAD,FRA
MAD,JFK
MAD,LAX
MAD,LHR
MAD,LIS
MAD,MIA
MAD,MUC
MAD,ORD
MAD,PMI
MAD,VIE
MAD,ZRH
MAN,JFK
MAN,LHR
MAN,ORD
MCO,LGW
MIA,ATL
MIA,BCN
MIA,CDG
MIA,LHR
MIA,MAD
MUC,BCN
MUC,MAD
ORD,ATL
ORD,CDG
ORD,DUS
ORD,FCO
ORD,LHR
ORD,MAD
ORD,MAN
PHL,LHR
PHX,LHR
PMI,AMS
PMI,BCN
PMI,BRU
PMI,LHR
PMI,MAD
SFO,LHR
SIN,LHR
VIE,BCN
VIE,MAD
YYZ,LHR
ZRH,BCN
ZRH,MAD
DUS,FCO
FCO,DUS
FCO,VIE
VIE,FCO
DXB,KUL
KUL,DXB
CAN,CKG
CAN,CTU
CAN,HGH
CKG,CAN
CKG,XIY
CTU,CAN
HGH,CAN
HGH,KMG
HGH,PEK
HGH,XIY
KMG,HGH
PEK,HGH
PEK,XMN
XIY,CKG
XIY,HGH
XMN,PEK
CDG,PEK
MAD,PEK
PEK,CDG
PEK,MAD
BKK,NRT
CAN,NRT
CDG,NRT
DFW,NRT
DXB,NRT
FRA,NRT
HKG,NRT
HKG,TPE
ICN,NRT
JFK,NRT
KMG,PVG
KUL,NRT
LAX,NRT
LHR,NRT
NRT,BKK
NRT,CAN
NRT,CDG
NRT,DFW
NRT,DXB
NRT,FRA
NRT,HKG
NRT,ICN
NRT,JFK
NRT,KUL
NRT,LAX
NRT,LHR
NRT,ORD
NRT,PEK
NRT,PVG
NRT,SIN
NRT,TPE
ORD,ATL
ORD,NRT
PEK,NRT
PVG,KMG
PVG,NRT
PVG,XIY
SIN,NRT
TPE,HKG
TPE,NRT
XIY,PVG
ICN,NRT
NRT,ICN
NRT,TPE
TPE,NRT
CAN,HKG
CKG,HKG
CTU,HKG
HGH,HKG
HKG,CAN
HKG,CKG
HKG,CTU
HKG,HGH
HKG,KMG
HKG,PEK
HKG,PVG
HKG,TPE
HKG,XIY
HKG,XMN
KMG,HKG
PEK,HKG
PVG,HKG
TPE,HKG
XIY,HKG
XMN,HKG
AMS,ICN
ATL,ICN
ATL,JFK
AUH,ICN
BKK,ICN
CAN,ICN
CDG,ICN
DFW,ICN
DXB,ICN
FCO,ICN
FRA,ICN
HKG,ICN
ICN,AMS
ICN,ATL
ICN,AUH
ICN,BKK
ICN,CAN
ICN,CDG
ICN,DFW
ICN,DXB
ICN,FRA
ICN,HKG
ICN,IST
ICN,JFK
ICN,KMG
ICN,KUL
ICN,LAX
ICN,LHR
ICN,MAD
ICN,NRT
ICN,ORD
ICN,PEK
ICN,PVG
ICN,SFO
ICN,SIN
ICN,TPE
ICN,VIE
ICN,XIY
ICN,XMN
ICN,YYZ
IST,ICN
JFK,ICN
KMG,ICN
KUL,ICN
LAX,ICN
LHR,ICN
MAD,ICN
NRT,ICN
ORD,ICN
PEK,ICN
PVG,ICN
SFO,ICN
SIN,ICN
TPE,ICN
VIE,ZRH
XIY,ICN
XMN,ICN
YYZ,ICN
ZRH,ICN
AMS,ATL
AMS,AUH
AMS,BCN
AMS,BKK
AMS,BRU
AMS,CAN
AMS,CDG
AMS,CPH
AMS,CTU
AMS,DFW
AMS,DUS
AMS,DXB
AMS,EWR
AMS,FCO
AMS,FRA
AMS,HGH
AMS,HKG
AMS,ICN
AMS,IST
AMS,JFK
AMS,KUL
AMS,LAX
AMS,LHR
AMS,LIS
AMS,MAD
AMS,MAN
AMS,MUC
AMS,NRT
AMS,ORD
AMS,PEK
AMS,PVG
AMS,SFO
AMS,SIN
AMS,TPE
AMS,VIE
AMS,XMN
AMS,YYZ
AMS,ZRH
ATL,AMS
ATL,BRU
ATL,CLT
ATL,DEN
ATL,DFW
ATL,DUS
ATL,EWR
ATL,FCO
ATL,FRA
ATL,JFK
ATL,LAX
ATL,LHR
ATL,MAD
ATL,MAN
ATL,MCO
ATL,MIA
ATL,MUC
ATL,ORD
ATL,PHL
ATL,PHX
ATL,SFO
AUH,AMS
BCN,AMS
BCN,JFK
BKK,AMS
BKK,TPE
BRU,AMS
BRU,ATL
BRU,JFK
CAN,AMS
CAN,HGH
CDG,AMS
CLT,ATL
CPH,AMS
CTU,AMS
CTU,HGH
CTU,KMG
CTU,XIY
DEN,ATL
DFW,AMS
DFW,ATL
DUS,AMS
DUS,ATL
DXB,AMS
EWR,AMS
EWR,ATL
FCO,AMS
FCO,ATL
FRA,AMS
FRA,ATL
FRA,JFK
HGH,AMS
HGH,CAN
HGH,CTU
HKG,AMS
ICN,AMS
IST,AMS
JFK,AMS
JFK,ATL
JFK,BCN
JFK,BRU
JFK,FRA
JFK,LHR
JFK,MAD
KMG,CTU
KUL,AMS
LAX,AMS
LAX,ATL
LHR,AMS
LHR,ATL
LHR,JFK
LIS,AMS
MAD,AMS
MAD,ATL
MAD,JFK
MAN,AMS
MAN,ATL
MCO,ATL
MIA,ATL
MUC,AMS
MUC,ATL
NRT,AMS
ORD,AMS
ORD,ATL
PEK,AMS
PHL,ATL
PHX,ATL
PVG,AMS
SFO,AMS
SFO,ATL
SIN,AMS
TPE,AMS
TPE,BKK
VIE,AMS
XIY,CTU
XMN,AMS
YYZ,AMS
ZRH,AMS
CAN,HGH
HGH,CAN
BKK,CAN
BKK,HKG
CAN,BKK
HKG,BKK
CDG,FCO
FCO,CDG
JFK,LHR
LHR,JFK
CAN,KMG
CKG,KMG
CTU,KMG
HGH,KMG
KMG,CAN
KMG,CKG
KMG,CTU
KMG,HGH
KMG,PVG
KMG,XIY
KMG,XMN
PVG,KMG
XIY,KMG
XMN,KMG
FRA,MAD
MAD,FRA
AMS,EWR
AMS,FRA
AMS,MUC
AMS,ORD
ATL,FRA
ATL,ORD
AUH,FRA
BCN,EWR
BCN,FRA
BCN,MUC
BKK,FRA
BKK,MUC
BRU,EWR
BRU,FRA
BRU,JFK
BRU,MUC
CDG,DUS
CDG,EWR
CDG,FRA
CDG,MUC
CDG,ORD
CDG,YYZ
CLT,MUC
CPH,DUS
CPH,FRA
CPH,MUC
CPH,YYZ
CTU,FRA
DEN,FRA
DFW,FRA
DUS,CDG
DUS,CPH
DUS,EWR
DUS,FCO
DUS,FRA
DUS,LHR
DUS,MAN
DUS,MUC
DUS,NRT
DUS,ORD
DUS,PEK
DUS,VIE
DUS,ZRH
DXB,FRA
DXB,MUC
EWR,AMS
EWR,BCN
EWR,BRU
EWR,CDG
EWR,DUS
EWR,FCO
EWR,FRA
EWR,LHR
EWR,MAD
EWR,MAN
EWR,MUC
FCO,DUS
FCO,EWR
FCO,FRA
FCO,MUC
FCO,YYZ
FRA,AMS
FRA,ATL
FRA,AUH
FRA,BCN
FRA,BKK
FRA,BRU
FRA,CDG
FRA,CPH
FRA,CTU
FRA,DEN
FRA,DFW
FRA,DUS
FRA,DXB
FRA,EWR
FRA,FCO
FRA,HKG
FRA,ICN
FRA,IST
FRA,JFK
FRA,KUL
FRA,LAX
FRA,LHR
FRA,LIS
FRA,MAD
FRA,MAN
FRA,MCO
FRA,MIA
FRA,MUC
FRA,ORD
FRA,PEK
FRA,PHL
FRA,PMI
FRA,PVG
FRA,SFO
FRA,SIN
FRA,VIE
FRA,YYZ
FRA,ZRH
HKG,FRA
HKG,MUC
ICN,FRA
ICN,MUC
IST,FRA
IST,MUC
JFK,BRU
JFK,FRA
JFK,MUC
KUL,FRA
LAX,FRA
LAX,LHR
LAX,MUC
LHR,DUS
LHR,EWR
LHR,FRA
LHR,LAX
LHR,MUC
LHR,ORD
LHR,SFO
LHR,YYZ
LIS,FRA
LIS,MUC
MAD,EWR
MAD,FRA
MAD,MUC
MAN,DUS
MAN,EWR
MAN,FRA
MAN,MUC
MCO,FRA
MIA,FRA
MUC,AMS
MUC,BCN
MUC,BKK
MUC,BRU
MUC,CDG
MUC,CLT
MUC,CPH
MUC,DUS
MUC,DXB
MUC,EWR
MUC,FCO
MUC,FRA
MUC,HKG
MUC,ICN
MUC,IST
MUC,JFK
MUC,LAX
MUC,LHR
MUC,LIS
MUC,MAD
MUC,MAN
MUC,ORD
MUC,PEK
MUC,PMI
MUC,PVG
MUC,SFO
MUC,VIE
MUC,YYZ
MUC,ZRH
NRT,DUS
ORD,AMS
ORD,ATL
ORD,CDG
ORD,DUS
ORD,FRA
ORD,LHR
ORD,MUC
PEK,DUS
PEK,FRA
PEK,MUC
PHL,FRA
PMI,FRA
PMI,MUC
PVG,FRA
PVG,MUC
SFO,FRA
SFO,LHR
SFO,MUC
SIN,FRA
VIE,DUS
VIE,FRA
VIE,MUC
VIE,YYZ
YYZ,CDG
YYZ,CPH
YYZ,FCO
YYZ,FRA
YYZ,LHR
YYZ,MUC
YYZ,VIE
ZRH,DUS
ZRH,FRA
ZRH,MUC
BKK,ICN
HKG,ICN
ICN,BKK
ICN,HKG
BCN,MAN
CDG,MAN
FCO,MAN
MAN,BCN
MAN,CDG
MAN,FCO
MAN,PMI
MAN,VIE
PMI,MAN
VIE,MAN
AMS,ZRH
BCN,ZRH
BKK,ZRH
BRU,ZRH
CDG,ZRH
CPH,ZRH
DUS,ZRH
DXB,ZRH
EWR,ZRH
FCO,ZRH
FRA,ZRH
HKG,ZRH
IST,ZRH
JFK,ZRH
LAX,ZRH
LHR,ZRH
LIS,ZRH
MAD,ZRH
MAN,ZRH
MIA,ZRH
MUC,ZRH
NRT,ZRH
ORD,ZRH
PEK,ZRH
PMI,ZRH
PVG,ZRH
SFO,ZRH
SIN,ZRH
VIE,ZRH
YYZ,ZRH
ZRH,AMS
ZRH,BCN
ZRH,BKK
ZRH,BRU
ZRH,CDG
ZRH,CPH
ZRH,DUS
ZRH,DXB
ZRH,EWR
ZRH,FCO
ZRH,FRA
ZRH,HKG
ZRH,IST
ZRH,JFK
ZRH,LAX
ZRH,LHR
ZRH,LIS
ZRH,MAD
ZRH,MAN
ZRH,MIA
ZRH,MUC
ZRH,NRT
ZRH,ORD
ZRH,PEK
ZRH,PMI
ZRH,PVG
ZRH,SFO
ZRH,SIN
ZRH,VIE
ZRH,YYZ
MUC,MAD
BKK,CAN
BKK,HKG
BKK,KUL
BKK,SIN
CAN,BKK
HKG,BKK
KUL,BKK
SIN,BKK
BKK,XMN
CAN,HGH
CAN,XMN
CKG,HGH
CKG,XIY
CKG,XMN
CTU,HGH
CTU,XMN
HGH,CAN
HGH,CKG
HGH,CTU
HGH,KMG
HGH,PEK
HGH,TPE
HGH,XIY
HGH,XMN
HKG,XMN
ICN,XMN
KMG,HGH
KMG,XMN
KUL,XMN
PEK,HGH
PEK,XMN
SIN,XMN
TPE,HGH
TPE,XMN
XIY,CKG
XIY,HGH
XIY,XMN
XMN,BKK
XMN,CAN
XMN,CKG
XMN,CTU
XMN,HGH
XMN,HKG
XMN,ICN
XMN,KMG
XMN,KUL
XMN,PEK
XMN,SIN
XMN,TPE
XMN,XIY
AMS,KUL
AMS,ZRH
ATL,ORD
AUH,KUL
BKK,KUL
CAN,KUL
CDG,DFW
CDG,KUL
CDG,MIA
CDG,ORD
DFW,FRA
DFW,LHR
DFW,NRT
FRA,DFW
FRA,KUL
HKG,KUL
ICN,KUL
IST,KUL
JFK,LHR
KMG,KUL
KUL,AMS
KUL,AUH
KUL,BKK
KUL,CAN
KUL,CDG
KUL,FRA
KUL,HKG
KUL,ICN
KUL,IST
KUL,KMG
KUL,LHR
KUL,NRT
KUL,PEK
KUL,PVG
KUL,SIN
KUL,TPE
KUL,XMN
LAX,NRT
LHR,DFW
LHR,JFK
LHR,KUL
MIA,LHR
NRT,DFW
NRT,KUL
NRT,ORD
ORD,ATL
ORD,CDG
ORD,NRT
PEK,KUL
PVG,KUL
SIN,KUL
TPE,KUL
XMN,KUL
CKG,SIN
CTU,SIN
KMG,SIN
KUL,SIN
SIN,CKG
SIN,CTU
SIN,KMG
SIN,KUL
SIN,XMN
XMN,SIN
KUL,SIN
SIN,KUL
BKK,KUL
DXB,SIN
KUL,BKK
SIN,DXB
AMS,BCN
AMS,CDG
AMS,CPH
AMS,FCO
AMS,FRA
AMS,LHR
AMS,MAD
AMS,PVG
BCN,AMS
BKK,CTU
BKK,KMG
BKK,PVG
CAN,HGH
CAN,KMG
CAN,NRT
CAN,PVG
CAN,XIY
CAN,XMN
CDG,AMS
CDG,PEK
CDG,PVG
CKG,KMG
CKG,PVG
CKG,XIY
CPH,AMS
CTU,BKK
CTU,HGH
CTU,KMG
CTU,PVG
CTU,XIY
DXB,KMG
FCO,AMS
FCO,PVG
FRA,AMS
FRA,PVG
HGH,CAN
HGH,CTU
HGH,HKG
HGH,KMG
HGH,PEK
HGH,XIY
HGH,XMN
HKG,HGH
HKG,KMG
HKG,PVG
HKG,XIY
ICN,KMG
ICN,PVG
ICN,XIY
JFK,PVG
KMG,BKK
KMG,CAN
KMG,CKG
KMG,CTU
KMG,DXB
KMG,HGH
KMG,HKG
KMG,ICN
KMG,PEK
KMG,PVG
KMG,TPE
KMG,XIY
KMG,XMN
KUL,PVG
LAX,PVG
LHR,AMS
LHR,PVG
MAD,AMS
NRT,CAN
NRT,PEK
NRT,PVG
PEK,CDG
PEK,HGH
PEK,KMG
PEK,NRT
PEK,PVG
PEK,XIY
PVG,AMS
PVG,BKK
PVG,CAN
PVG,CDG
PVG,CKG
PVG,CTU
PVG,FCO
PVG,FRA
PVG,HKG
PVG,ICN
PVG,JFK
PVG,KMG
PVG,KUL
PVG,LAX
PVG,LHR
PVG,NRT
PVG,PEK
PVG,SFO
PVG,SIN
PVG,TPE
PVG,XIY
PVG,XMN
SFO,PVG
SIN,PVG
TPE,KMG
TPE,PVG
TPE,XIY
XIY,CAN
XIY,CKG
XIY,CTU
XIY,HGH
XIY,HKG
XIY,ICN
XIY,KMG
XIY,PEK
XIY,PVG
XIY,TPE
XIY,XMN
XMN,CAN
XMN,HGH
XMN,KMG
XMN,PVG
XMN,XIY
ATL,ORD
AUH,NRT
AUH,PEK
BKK,NRT
CAN,NRT
CDG,NRT
CKG,PVG
CTU,NRT
CTU,PEK
CTU,PVG
DEN,NRT
DUS,NRT
EWR,NRT
HGH,NRT
HKG,NRT
ICN,NRT
IST,NRT
JFK,NRT
LAX,NRT
LHR,LIS
LHR,NRT
LIS,LHR
NRT,AUH
NRT,BKK
NRT,CAN
NRT,CDG
NRT,CTU
NRT,DEN
NRT,DUS
NRT,EWR
NRT,HGH
NRT,HKG
NRT,ICN
NRT,IST
NRT,JFK
NRT,LAX
NRT,LHR
NRT,ORD
NRT,PEK
NRT,PVG
NRT,SFO
NRT,SIN
NRT,TPE
NRT,VIE
NRT,XMN
NRT,YYZ
NRT,ZRH
ORD,ATL
ORD,NRT
PEK,CTU
PEK,NRT
PEK,PVG
PVG,CKG
PVG,CTU
PVG,NRT
PVG,PEK
SFO,NRT
SIN,NRT
TPE,NRT
VIE,NRT
XMN,NRT
YYZ,NRT
ZRH,NRT
ATL,DFW
DEN,DFW
DEN,ORD
DEN,PHX
DFW,ATL
DFW,DEN
DFW,LAX
DFW,MCO
DFW,ORD
DFW,PHL
DFW,PHX
LAX,DFW
LAX,ORD
MCO,DFW
MCO,ORD
ORD,DEN
ORD,DFW
ORD,LAX
ORD,MCO
PHL,DFW
PHX,DEN
PHX,DFW
ATL,SFO
AUH,SIN
FRA,SFO
LAX,LHR
LHR,LAX
LHR,SFO
PEK,PVG
PVG,PEK
SFO,ATL
SFO,FRA
SFO,LHR
SIN,AUH
BCN,PMI
PMI,BCN
MIA,AMS
AMS,VIE
BCN,VIE
BKK,VIE
BRU,VIE
CDG,VIE
CPH,VIE
DUS,VIE
DXB,VIE
FCO,VIE
FRA,VIE
IST,VIE
JFK,VIE
LHR,VIE
LIS,VIE
MUC,VIE
NRT,VIE
ORD,VIE
PEK,VIE
PMI,VIE
VIE,AMS
VIE,BCN
VIE,BKK
VIE,BRU
VIE,CDG
VIE,CPH
VIE,DUS
VIE,DXB
VIE,FCO
VIE,FRA
VIE,IST
VIE,JFK
VIE,LHR
VIE,LIS
VIE,MUC
VIE,NRT
VIE,ORD
VIE,PEK
VIE,PMI
VIE,YYZ
VIE,ZRH
YYZ,VIE
ZRH,VIE
BKK,HKG
HKG,BKK
ATL,JFK
ATL,ORD
AUH,ICN
BKK,ICN
CAN,ICN
CDG,ICN
CKG,ICN
CTU,ICN
FRA,ICN
HGH,ICN
HKG,ICN
ICN,AUH
ICN,BKK
ICN,CAN
ICN,CDG
ICN,CKG
ICN,CTU
ICN,FRA
ICN,HGH
ICN,HKG
ICN,IST
ICN,JFK
ICN,LAX
ICN,LHR
ICN,NRT
ICN,ORD
ICN,PEK
ICN,PVG
ICN,SFO
ICN,SIN
ICN,TPE
ICN,XIY
IST,ICN
IST,MUC
IST,VIE
IST,ZRH
JFK,ICN
LAX,ICN
LHR,ICN
MUC,IST
NRT,ICN
ORD,ATL
ORD,ICN
PEK,ICN
PVG,ICN
SFO,ICN
SIN,ICN
TPE,ICN
VIE,IST
XIY,ICN
ZRH,IST
AUH,BKK
BKK,AUH
BKK,HKG
BKK,KUL
BKK,NRT
HKG,BKK
KUL,BKK
NRT,BKK
MAN,JFK
NRT,PEK
PEK,NRT
CAN,CKG
CKG,CAN
CKG,KMG
CKG,XIY
CKG,XMN
KMG,CKG
XIY,CKG
XMN,CKG
ATL,DFW
ATL,ORD
BKK,DXB
CPH,DXB
DFW,ATL
DUS,DXB
DXB,BKK
DXB,CPH
DXB,DUS
DXB,FRA
DXB,IST
DXB,KUL
DXB,LGW
DXB,LHR
DXB,MAN
DXB,MUC
DXB,SIN
DXB,ZRH
FRA,DXB
IST,DXB
JFK,LAX
KUL,DXB
LAX,JFK
LGW,DXB
LHR,DXB
MAN,DXB
MUC,DXB
ORD,ATL
SIN,DXB
ZRH,DXB
ATL,ORD
BCN,JFK
CDG,JFK
JFK,BCN
JFK,CDG
JFK,ORD
ORD,ATL
ORD,JFK
BKK,HKG
BKK,KUL
CPH,VIE
HKG,BKK
KUL,BKK
MUC,VIE
VIE,CPH
VIE,MUC
VIE,ZRH
ZRH,VIE
AMS,LIS
BCN,LIS
CPH,LIS
FRA,LIS
LGW,LIS
LHR,LIS
LIS,AMS
LIS,BCN
LIS,CPH
LIS,FRA
LIS,LGW
LIS,LHR
LIS,MAD
LIS,YYZ
LIS,ZRH
MAD,LIS
YYZ,LIS
ZRH,LIS
MAN,MUC
MUC,MAN
CKG,KMG
CKG,PEK
HGH,XMN
KMG,CKG
KMG,XMN
PEK,CKG
XIY,XMN
XMN,HGH
XMN,KMG
XMN,XIY
CDG,JFK
JFK,CDG
AMS,CPH
BCN,CPH
BKK,CPH
BKK,SIN
BRU,CPH
CDG,CPH
CPH,AMS
CPH,BCN
CPH,BKK
CPH,BRU
CPH,CDG
CPH,DUS
CPH,EWR
CPH,FCO
CPH,FRA
CPH,IST
CPH,LHR
CPH,MAD
CPH,MAN
CPH,MUC
CPH,NRT
CPH,ORD
CPH,PEK
CPH,PMI
CPH,PVG
CPH,SFO
CPH,SIN
CPH,YYZ
CPH,ZRH
DUS,CPH
EWR,CPH
FCO,CPH
FRA,CPH
IST,CPH
LHR,CPH
MAD,CPH
MAN,CPH
MUC,CPH
MUC,MAD
NRT,CPH
ORD,CPH
PEK,CPH
PMI,CPH
PVG,CPH
SFO,CPH
SIN,CPH
YYZ,CPH
ZRH,CPH
AUH,BRU
BCN,BRU
BKK,BRU
BRU,AUH
BRU,BCN
BRU,BKK
BRU,CDG
BRU,CPH
BRU,EWR
BRU,FCO
BRU,FRA
BRU,JFK
BRU,LHR
BRU,LIS
BRU,MAD
BRU,MAN
BRU,MUC
BRU,ORD
BRU,PEK
BRU,VIE
BRU,ZRH
CDG,BRU
CPH,BRU
EWR,BRU
FCO,BRU
FRA,BRU
JFK,BRU
LHR,BRU
LIS,BRU
MAD,BRU
MAN,BRU
MUC,BRU
ORD,BRU
PEK,BRU
VIE,BRU
ZRH,BRU
AMS,SIN
BCN,SIN
BKK,SIN
CAN,SIN
CDG,SIN
CKG,SIN
CPH,SIN
CTU,SIN
DXB,SIN
FCO,SIN
FRA,JFK
FRA,SIN
HKG,SFO
HKG,SIN
ICN,SFO
ICN,SIN
IST,SIN
JFK,FRA
KMG,SIN
KUL,SIN
LAX,NRT
LAX,ORD
LHR,SIN
MAN,MUC
MUC,MAN
MUC,SIN
NRT,LAX
NRT,SIN
PEK,SIN
PVG,SIN
SFO,HKG
SFO,ICN
SIN,AMS
SIN,BCN
SIN,BKK
SIN,CAN
SIN,CDG
SIN,CKG
SIN,CPH
SIN,CTU
SIN,DXB
SIN,FCO
SIN,FRA
SIN,HKG
SIN,ICN
SIN,IST
SIN,KMG
SIN,KUL
SIN,LHR
SIN,MUC
SIN,NRT
SIN,PEK
SIN,PVG
SIN,TPE
SIN,XMN
SIN,ZRH
TPE,SIN
XMN,SIN
ZRH,SIN
ATL,JFK
JFK,ATL
LGW,PMI
MAN,PMI
PMI,LGW
PMI,MAN
BRU,CPH
CPH,BRU
BKK,BRU
BKK,CAN
BKK,CDG
BKK,CKG
BKK,CPH
BKK,CTU
BKK,DXB
BKK,FCO
BKK,FRA
BKK,HKG
BKK,ICN
BKK,IST
BKK,KMG
BKK,KUL
BKK,LHR
BKK,MAD
BKK,MUC
BKK,NRT
BKK,PEK
BKK,PVG
BKK,SIN
BKK,TPE
BKK,VIE
BKK,XMN
BKK,ZRH
BRU,BKK
BRU,LIS
CAN,BKK
CDG,BKK
CKG,BKK
CPH,BKK
CPH,MAN
CTU,BKK
DXB,BKK
FCO,BKK
FRA,BKK
HKG,BKK
HKG,ICN
ICN,BKK
ICN,HKG
ICN,LAX
ICN,TPE
IST,BKK
KMG,BKK
KUL,BKK
LAX,ICN
LHR,BKK
LIS,BRU
MAD,BKK
MAN,CPH
MUC,BKK
NRT,BKK
PEK,BKK
PVG,BKK
SIN,BKK
TPE,BKK
TPE,ICN
VIE,BKK
XMN,BKK
ZRH,BKK
AMS,IST
ATL,YYZ
AUH,IST
BCN,IST
BKK,HKG
BKK,IST
BKK,KUL
BRU,IST
CAN,IST
CDG,IST
CPH,IST
DUS,IST
DXB,IST
FCO,IST
FRA,IST
HKG,BKK
HKG,IST
ICN,IST
IST,AMS
IST,AUH
IST,BCN
IST,BKK
IST,BRU
IST,CAN
IST,CDG
IST,CPH
IST,DUS
IST,DXB
IST,FCO
IST,FRA
IST,HKG
IST,ICN
IST,JFK
IST,KUL
IST,LAX
IST,LGW
IST,LHR
IST,LIS
IST,MAD
IST,MAN
IST,MUC
IST,NRT
IST,ORD
IST,PEK
IST,PVG
IST,SIN
IST,VIE
IST,YYZ
IST,ZRH
JFK,IST
KUL,BKK
KUL,IST
LAX,IST
LGW,IST
LHR,IST
LIS,IST
MAD,IST
MAN,IST
MUC,IST
NRT,IST
ORD,IST
PEK,IST
PVG,IST
SIN,IST
VIE,IST
YYZ,ATL
YYZ,IST
ZRH,IST
CDG,LAX
ICN,NRT
LAX,CDG
NRT,ICN
LGW,PMI
MAN,PMI
PMI,LGW
PMI,MAN
LGW,PMI
MAN,PMI
PMI,LGW
PMI,MAN
AMS,AUH
AMS,LIS
AUH,AMS
AUH,LHR
BCN,LIS
BRU,LIS
CPH,LIS
DUS,LIS
DXB,LIS
EWR,LIS
FCO,LIS
FRA,LIS
IST,LIS
LGW,LIS
LHR,LIS
LIS,AMS
LIS,BCN
LIS,BRU
LIS,CPH
LIS,DUS
LIS,DXB
LIS,EWR
LIS,FCO
LIS,FRA
LIS,IST
LIS,LGW
LIS,LHR
LIS,MAD
LIS,MAN
LIS,MIA
LIS,MUC
LIS,PHL
LIS,VIE
LIS,YYZ
LIS,ZRH
MAD,LIS
MAN,LIS
MIA,LIS
MUC,LIS
PHL,LIS
VIE,LIS
YYZ,LIS
ZRH,LIS
BKK,SIN
CAN,SIN
HKG,SIN
KUL,SIN
SIN,BKK
SIN,CAN
SIN,HKG
SIN,KUL
SIN,TPE
TPE,SIN
AMS,YYZ
BCN,YYZ
CDG,YYZ
FCO,YYZ
LGW,YYZ
LIS,YYZ
MAN,YYZ
MCO,YYZ
YYZ,AMS
YYZ,BCN
YYZ,CDG
YYZ,FCO
YYZ,LGW
YYZ,LIS
YYZ,MAN
YYZ,MCO
CTU,HGH
CTU,XMN
HGH,CTU
XMN,CTU
BKK,ICN
ICN,BKK
BKK,SIN
HKG,SIN
ICN,TPE
NRT,TPE
SIN,BKK
SIN,HKG
SIN,TPE
TPE,ICN
TPE,NRT
TPE,SIN
AMS,FCO
AMS,LGW
AMS,LIS
AMS,MAN
BCN,CDG
BCN,LGW
BRU,LGW
CDG,BCN
CDG,CPH
CDG,LGW
CDG,LIS
CDG,MAD
CPH,CDG
CPH,FCO
CPH,LGW
CPH,MAN
DUS,LGW
FCO,AMS
FCO,CPH
FCO,LGW
LGW,AMS
LGW,BCN
LGW,BRU
LGW,CDG
LGW,CPH
LGW,DUS
LGW,FCO
LGW,LIS
LGW,MAD
LGW,MUC
LGW,PMI
LGW,VIE
LGW,ZRH
LIS,AMS
LIS,CDG
LIS,LGW
LIS,MAD
MAD,CDG
MAD,LGW
MAD,LIS
MAN,AMS
MAN,CPH
MAN,MUC
MAN,PMI
MUC,LGW
MUC,MAN
PMI,LGW
PMI,MAN
VIE,LGW
ZRH,LGW
AMS,EWR
AMS,ORD
ATL,DEN
ATL,EWR
ATL,FRA
ATL,ORD
ATL,SFO
ATL,YYZ
AUH,FRA
BCN,EWR
BKK,NRT
BRU,EWR
BRU,JFK
BRU,MAN
BRU,ORD
CDG,EWR
CDG,ORD
CDG,SFO
CLT,EWR
CLT,ORD
DEN,ATL
DEN,DFW
DEN,EWR
DEN,FRA
DEN,LAX
DEN,MCO
DEN,MIA
DEN,NRT
DEN,ORD
DEN,PHL
DEN,PHX
DEN,SFO
DEN,YYZ
DFW,DEN
DFW,EWR
DFW,FRA
DFW,LAX
DFW,ORD
DFW,SFO
DFW,YYZ
DUS,EWR
DUS,ORD
EWR,AMS
EWR,ATL
EWR,BCN
EWR,BRU
EWR,CDG
EWR,CLT
EWR,DEN
EWR,DFW
EWR,DUS
EWR,FCO
EWR,FRA
EWR,HKG
EWR,LAX
EWR,LHR
EWR,LIS
EWR,MAD
EWR,MAN
EWR,MCO
EWR,MIA
EWR,MUC
EWR,NRT
EWR,ORD
EWR,PEK
EWR,PHX
EWR,PVG
EWR,SFO
EWR,YYZ
EWR,ZRH
FCO,EWR
FRA,ATL
FRA,AUH
FRA,DEN
FRA,DFW
FRA,EWR
FRA,JFK
FRA,LAX
FRA,MCO
FRA,MIA
FRA,ORD
FRA,SFO
HKG,EWR
HKG,ORD
HKG,SFO
HKG,SIN
ICN,JFK
ICN,LAX
ICN,NRT
ICN,SFO
JFK,BRU
JFK,FRA
JFK,ICN
JFK,LAX
JFK,MUC
JFK,NRT
JFK,PEK
JFK,SFO
JFK,VIE
JFK,ZRH
LAX,DEN
LAX,DFW
LAX,EWR
LAX,FRA
LAX,ICN
LAX,JFK
LAX,LHR
LAX,MCO
LAX,MUC
LAX,NRT
LAX,ORD
LAX,PEK
LAX,PHX
LAX,PVG
LAX,SFO
LAX,YYZ
LAX,ZRH
LHR,EWR
LHR,LAX
LHR,ORD
LHR,SFO
LIS,EWR
LIS,MIA
MAD,EWR
MAN,EWR
MCO,DEN
MCO,EWR
MCO,FRA
MCO,LAX
MCO,ORD
MCO,SFO
MIA,DEN
MIA,EWR
MIA,FRA
MIA,LIS
MIA,ORD
MIA,ZRH
MUC,EWR
MUC,JFK
MUC,LAX
MUC,ORD
MUC,SFO
NRT,BKK
NRT,DEN
NRT,EWR
NRT,ICN
NRT,JFK
NRT,LAX
NRT,ORD
NRT,SFO
NRT,SIN
ORD,AMS
ORD,ATL
ORD,BRU
ORD,CDG
ORD,CLT
ORD,DEN
ORD,DFW
ORD,DUS
ORD,EWR
ORD,FRA
ORD,HKG
ORD,LAX
ORD,LHR
ORD,MCO
ORD,MIA
ORD,MUC
ORD,NRT
ORD,PEK
ORD,PHL
ORD,PHX
ORD,PVG
ORD,SFO
ORD,VIE
ORD,YYZ
ORD,ZRH
PEK,EWR
PEK,JFK
PEK,LAX
PEK,ORD
PEK,SFO
PHL,DEN
PHL,ORD
PHL,SFO
PHL,YYZ
PHX,DEN
PHX,EWR
PHX,LAX
PHX,ORD
PHX,SFO
PVG,EWR
PVG,LAX
PVG,ORD
PVG,SFO
SFO,ATL
SFO,CDG
SFO,DEN
SFO,DFW
SFO,EWR
SFO,FRA
SFO,HKG
SFO,ICN
SFO,JFK
SFO,LAX
SFO,LHR
SFO,MCO
SFO,MUC
SFO,NRT
SFO,ORD
SFO,PEK
SFO,PHL
SFO,PHX
SFO,PVG
SFO,TPE
SFO,YYZ
SFO,ZRH
SIN,HKG
SIN,NRT
TPE,SFO
VIE,JFK
VIE,ORD
YYZ,ATL
YYZ,DEN
YYZ,DFW
YYZ,EWR
YYZ,LAX
YYZ,ORD
YYZ,PHL
YYZ,SFO
ZRH,EWR
ZRH,JFK
ZRH,LAX
ZRH,MIA
ZRH,ORD
ZRH,SFO
BKK,CAN
BKK,HKG
CAN,BKK
HKG,BKK
BKK,TPE
LAX,LHR
LGW,MCO
LHR,LAX
LHR,MAN
LHR,SFO
MAN,LHR
MCO,LGW
SFO,LHR
TPE,BKK
HKG,ICN
HKG,KMG
ICN,HKG
KMG,HKG
AMS,LIS
AMS,PHL
ATL,CLT
ATL,DFW
ATL,MIA
ATL,ORD
ATL,PHL
ATL,PHX
BCN,JFK
BCN,MIA
BCN,PHL
BRU,LIS
BRU,PHL
CDG,CLT
CDG,DFW
CDG,JFK
CDG,MIA
CDG,ORD
CDG,PHL
CLT,ATL
CLT,CDG
CLT,DEN
CLT,DFW
CLT,EWR
CLT,FCO
CLT,FRA
CLT,JFK
CLT,LAX
CLT,LHR
CLT,MCO
CLT,MIA
CLT,ORD
CLT,PHL
CLT,PHX
CLT,SFO
CLT,YYZ
DEN,CLT
DEN,DFW
DEN,LAX
DEN,MIA
DEN,ORD
DEN,PHL
DEN,PHX
DFW,ATL
DFW,CDG
DFW,CLT
DFW,DEN
DFW,EWR
DFW,FRA
DFW,ICN
DFW,JFK
DFW,LAX
DFW,LHR
DFW,MAD
DFW,MCO
DFW,MIA
DFW,NRT
DFW,ORD
DFW,PHL
DFW,PHX
DFW,SFO
DFW,YYZ
DUS,ORD
EWR,CLT
EWR,DFW
EWR,LIS
EWR,MIA
EWR,ORD
EWR,PHL
EWR,PHX
FCO,CLT
FCO,JFK
FCO,LIS
FCO,ORD
FCO,PHL
FRA,CLT
FRA,DFW
FRA,IST
FRA,JFK
FRA,LIS
FRA,PHL
FRA,SIN
HKG,SFO
HKG,SIN
ICN,DFW
ICN,SFO
ICN,SIN
IST,FRA
IST,JFK
IST,LAX
IST,MUC
IST,ORD
IST,ZRH
JFK,BCN
JFK,CDG
JFK,CLT
JFK,DFW
JFK,FCO
JFK,FRA
JFK,IST
JFK,LAX
JFK,LHR
JFK,MAD
JFK,MAN
JFK,MCO
JFK,MIA
JFK,ORD
JFK,PEK
JFK,PHX
JFK,SFO
JFK,YYZ
JFK,ZRH
LAX,CLT
LAX,DEN
LAX,DFW
LAX,IST
LAX,JFK
LAX,LHR
LAX,MCO
LAX,MIA
LAX,NRT
LAX,ORD
LAX,PEK
LAX,PHL
LAX,PHX
LAX,PVG
LAX,SFO
LAX,TPE
LAX,YYZ
LHR,CLT
LHR,DFW
LHR,JFK
LHR,LAX
LHR,LIS
LHR,MIA
LHR,ORD
LHR,PHL
LIS,AMS
LIS,BRU
LIS,EWR
LIS,MAD
LIS,PHL
MAD,DFW
MAD,JFK
MAD,LIS
MAD,MIA
MAD,PHL
MAN,JFK
MAN,ORD
MAN,PHL
MCO,CLT
MCO,DFW
MCO,JFK
MCO,LAX
MCO,MIA
MCO,ORD
MCO,PHL
MCO,PHX
MIA,ATL
MIA,BCN
MIA,CDG
MIA,CLT
MIA,DEN
MIA,DFW
MIA,EWR
MIA,JFK
MIA,LAX
MIA,LHR
MIA,MAD
MIA,MCO
MIA,ORD
MIA,PHL
MIA,PHX
MIA,SFO
MIA,YYZ
MUC,IST
MUC,LIS
MUC,PHL
MUC,SIN
NRT,DFW
NRT,LAX
NRT,ORD
NRT,SIN
ORD,ATL
ORD,CDG
ORD,CLT
ORD,DEN
ORD,DFW
ORD,DUS
ORD,EWR
ORD,FCO
ORD,IST
ORD,JFK
ORD,LAX
ORD,LHR
ORD,MAN
ORD,MCO
ORD,MIA
ORD,NRT
ORD,PEK
ORD,PHL
ORD,PHX
ORD,PVG
ORD,SFO
ORD,YYZ
PEK,JFK
PEK,LAX
PEK,ORD
PEK,SFO
PHL,AMS
PHL,ATL
PHL,BCN
PHL,BRU
PHL,CDG
PHL,CLT
PHL,DEN
PHL,DFW
PHL,EWR
PHL,FCO
PHL,FRA
PHL,LAX
PHL,LHR
PHL,LIS
PHL,MAD
PHL,MAN
PHL,MCO
PHL,MIA
PHL,MUC
PHL,ORD
PHL,PHX
PHL,SFO
PHL,YYZ
PHL,ZRH
PHX,ATL
PHX,CLT
PHX,DEN
PHX,DFW
PHX,EWR
PHX,JFK
PHX,LAX
PHX,MCO
PHX,MIA
PHX,ORD
PHX,PHL
PHX,SFO
PVG,ORD
SFO,CLT
SFO,DFW
SFO,HKG
SFO,ICN
SFO,JFK
SFO,LAX
SFO,MIA
SFO,ORD
SFO,PEK
SFO,PHL
SFO,PHX
SFO,TPE
SIN,AMS
SIN,FRA
SIN,HKG
SIN,ICN
SIN,MUC
SIN,NRT
SIN,ZRH
TPE,LAX
TPE,SFO
YYZ,CLT
YYZ,DFW
YYZ,JFK
YYZ,LAX
YYZ,MIA
YYZ,ORD
YYZ,PHL
ZRH,IST
ZRH,JFK
ZRH,LIS
ZRH,PHL
ZRH,SIN
AMS,MAD
BCN,CDG
BCN,MAD
BCN,PMI
BRU,MAD
CDG,BCN
FCO,MAD
FRA,MAD
JFK,MAD
LGW,MAD
LIS,MAD
MAD,AMS
MAD,BCN
MAD,BRU
MAD,FCO
MAD,FRA
MAD,JFK
MAD,LGW
MAD,LIS
MAD,MUC
MAD,PMI
MUC,MAD
PMI,BCN
PMI,MAD
ATL,LAX
ATL,MIA
AUH,SIN
LAX,ATL
MAN,MUC
MIA,ATL
MUC,MAN
MUC,SIN
SIN,AUH
SIN,MUC
AUH,KUL
FRA,MAD
MAD,FRA
ATL,CLT
ATL,DEN
ATL,DFW
ATL,EWR
ATL,JFK
ATL,LAX
ATL,LHR
ATL,MAN
ATL,MCO
ATL,MIA
ATL,ORD
ATL,PHX
ATL,SFO
CLT,ATL
DEN,ATL
DFW,ATL
DXB,LHR
EWR,ATL
EWR,LHR
HKG,LHR
JFK,ATL
JFK,LHR
LAX,ATL
LAX,LHR
LGW,MCO
LGW,PEK
LHR,ATL
LHR,DXB
LHR,EWR
LHR,HKG
LHR,JFK
LHR,LAX
LHR,MAN
LHR,MIA
LHR,NRT
LHR,ORD
LHR,PEK
LHR,PVG
LHR,SFO
LHR,SIN
MAN,ATL
MAN,LHR
MAN,MCO
MAN,MUC
MCO,ATL
MCO,LGW
MCO,MAN
MIA,ATL
MIA,LHR
MUC,MAN
MUC,SIN
NRT,LHR
ORD,ATL
ORD,LHR
PEK,LGW
PEK,LHR
PHX,ATL
PVG,LHR
SFO,ATL
SFO,LHR
SIN,LHR
SIN,MUC
DFW,LAX
DFW,SFO
EWR,LAX
EWR,SFO
JFK,LAX
JFK,SFO
LAX,DFW
LAX,EWR
LAX,JFK
LAX,MCO
LAX,ORD
LAX,PHL
LAX,SFO
MCO,LAX
MCO,SFO
ORD,LAX
ORD,SFO
PHL,LAX
PHL,SFO
SFO,DFW
SFO,EWR
SFO,JFK
SFO,LAX
SFO,MCO
SFO,ORD
SFO,PHL
AMS,BCN
AMS,PMI
BCN,AMS
BCN,BRU
BCN,CDG
BCN,CPH
BCN,DUS
BCN,FCO
BCN,FRA
BCN,LGW
BCN,LIS
BCN,MAD
BCN,MUC
BCN,PMI
BCN,VIE
BCN,ZRH
BRU,BCN
BRU,FCO
BRU,LIS
BRU,PMI
CDG,BCN
CDG,MAD
CPH,BCN
DUS,BCN
FCO,BCN
FCO,BRU
FRA,BCN
LGW,BCN
LIS,BCN
LIS,BRU
MAD,BCN
MAD,CDG
MUC,BCN
PMI,AMS
PMI,BCN
PMI,BRU
VIE,BCN
ZRH,BCN
ATL,DEN
ATL,LAX
ATL,MCO
ATL,PHL
ATL,PHX
ATL,SFO
CLT,MCO
DEN,ATL
DEN,EWR
DEN,LAX
DEN,MCO
DEN,PHL
DEN,PHX
DEN,SFO
EWR,DEN
EWR,PHX
LAX,ATL
LAX,DEN
LAX,PHX
LAX,SFO
MCO,ATL
MCO,CLT
MCO,DEN
MCO,PHL
MCO,PHX
PHL,ATL
PHL,DEN
PHL,MCO
PHL,PHX
PHX,ATL
PHX,DEN
PHX,EWR
PHX,LAX
PHX,MCO
PHX,PHL
PHX,SFO
SFO,ATL
SFO,DEN
SFO,LAX
SFO,PHX
ATL,JFK
ATL,YYZ
DFW,YYZ
JFK,YYZ
LAX,YYZ
MCO,YYZ
MIA,YYZ
ORD,YYZ
YYZ,ATL
YYZ,DFW
YYZ,JFK
YYZ,LAX
YYZ,MCO
YYZ,MIA
YYZ,ORD
BKK,CAN
CAN,BKK
DUS,PMI
FRA,PMI
MUC,DUS
MUC,PMI
PMI,DUS
PMI,FRA
PMI,MUC
BCN,LGW
BCN,MAN
LGW,BCN
LGW,PMI
MAN,BCN
MAN,PMI
PMI,LGW
PMI,MAN
BKK,ICN
HKG,ICN
ICN,BKK
ICN,HKG
ICN,NRT
NRT,ICN
CAN,CKG
CAN,CTU
CAN,HGH
CAN,KMG
CAN,NRT
CAN,PEK
CAN,PVG
CAN,XIY
CAN,XMN
CKG,CAN
CKG,HGH
CKG,KMG
CKG,PEK
CKG,PVG
CKG,XIY
CKG,XMN
CTU,CAN
CTU,HGH
CTU,KMG
CTU,PEK
CTU,PVG
CTU,XIY
CTU,XMN
HGH,CAN
HGH,CKG
HGH,CTU
HGH,KMG
HGH,PEK
HGH,XIY
KMG,CAN
KMG,CKG
KMG,CTU
KMG,HGH
KMG,PEK
KMG,PVG
KMG,XIY
KMG,XMN
NRT,CAN
NRT,XMN
PEK,CAN
PEK,CKG
PEK,CTU
PEK,HGH
PEK,KMG
PEK,PVG
PEK,XIY
PEK,XMN
PVG,CAN
PVG,CKG
PVG,CTU
PVG,KMG
PVG,PEK
PVG,XIY
XIY,CAN
XIY,CKG
XIY,CTU
XIY,HGH
XIY,KMG
XIY,PEK
XIY,PVG
XMN,CAN
XMN,CKG
XMN,CTU
XMN,KMG
XMN,NRT
XMN,PEK
